{
  "cpplus_content": {
    "precision": 0.8954607977991746,
    "recall": 0.6970021413276232,
    "f1-score": 0.7838651414810355,
    "support": 934,
    "confused_with": {}
  },
  "CPPLUS_CONTENT": {
    "precision": 0.0,
    "recall": 0.0,
    "f1-score": 0.0,
    "support": 1,
    "confused_with": {
      "cpplus_content": 1
    }
  },
  "flowchart_quest_num": {
    "precision": 0.9767441860465116,
    "recall": 0.8936170212765957,
    "f1-score": 0.9333333333333332,
    "support": 47,
    "confused_with": {
      "cpplus_content": 2
    }
  },
  "micro avg": {
    "precision": 0.9,
    "recall": 0.7057026476578412,
    "f1-score": 0.791095890410959,
    "support": 982
  },
  "macro avg": {
    "precision": 0.624068327948562,
    "recall": 0.5302063875347396,
    "f1-score": 0.5723994916047895,
    "support": 982
  },
  "weighted avg": {
    "precision": 0.8984392687256774,
    "recall": 0.7057026476578412,
    "f1-score": 0.7902206810691994,
    "support": 982
  }
}