{
  "cpplus_content": {
    "precision": 0.9594755661501788,
    "recall": 0.8846153846153846,
    "f1-score": 0.9205260148656375,
    "support": 910,
    "confused_with": {}
  },
  "CPPLUS_CONTENT": {
    "precision": 1.0,
    "recall": 1.0,
    "f1-score": 1.0,
    "support": 1,
    "confused_with": {}
  },
  "flowchart_quest_num": {
    "precision": 1.0,
    "recall": 1.0,
    "f1-score": 1.0,
    "support": 41,
    "confused_with": {}
  },
  "micro avg": {
    "precision": 0.9614074914869466,
    "recall": 0.8897058823529411,
    "f1-score": 0.9241680305510092,
    "support": 952
  },
  "macro avg": {
    "precision": 0.9864918553833929,
    "recall": 0.9615384615384616,
    "f1-score": 0.9735086716218792,
    "support": 952
  },
  "weighted avg": {
    "precision": 0.9612634088200239,
    "recall": 0.8897058823529411,
    "f1-score": 0.9240322200921535,
    "support": 952
  }
}