{
  "cpplus_content": {
    "precision": 0.9786585365853658,
    "recall": 0.9042253521126761,
    "f1-score": 0.9399707174231333,
    "support": 1065,
    "confused_with": {}
  },
  "flowchart_quest_num": {
    "precision": 0.975,
    "recall": 0.78,
    "f1-score": 0.8666666666666667,
    "support": 50,
    "confused_with": {}
  },
  "micro avg": {
    "precision": 0.978515625,
    "recall": 0.8986547085201794,
    "f1-score": 0.9368863955119213,
    "support": 1115
  },
  "macro avg": {
    "precision": 0.9768292682926829,
    "recall": 0.842112676056338,
    "f1-score": 0.9033186920449,
    "support": 1115
  },
  "weighted avg": {
    "precision": 0.9784944766488023,
    "recall": 0.8986547085201794,
    "f1-score": 0.9366835402591661,
    "support": 1115
  }
}