{
  "cpplus_where_asking": {
    "precision": 0.8181818181818182,
    "recall": 0.6428571428571429,
    "f1-score": 0.7200000000000001,
    "support": 14,
    "confused_with": {
      "out_of_scope": 2,
      "cpplus_how_asking": 2
    }
  },
  "corona": {
    "precision": 0.8783783783783784,
    "recall": 0.8441558441558441,
    "f1-score": 0.8609271523178808,
    "support": 77,
    "confused_with": {
      "cpplus_what_asking": 5,
      "out_of_scope": 2
    }
  },
  "deny": {
    "precision": 0.8423645320197044,
    "recall": 0.8592964824120602,
    "f1-score": 0.8507462686567163,
    "support": 199,
    "confused_with": {
      "out_of_scope": 6,
      "compliment": 5
    }
  },
  "health_inquire": {
    "precision": 0.9382239382239382,
    "recall": 0.9346153846153846,
    "f1-score": 0.9364161849710982,
    "support": 260,
    "confused_with": {
      "feeling_good": 6,
      "who_are_you": 3
    }
  },
  "cpplus_when_asking": {
    "precision": 1.0,
    "recall": 0.9523809523809523,
    "f1-score": 0.975609756097561,
    "support": 21,
    "confused_with": {
      "cpplus_how_asking": 1
    }
  },
  "want_to_watch_cpp_tutorial": {
    "precision": 0.8921568627450981,
    "recall": 0.883495145631068,
    "f1-score": 0.8878048780487806,
    "support": 206,
    "confused_with": {
      "cpplus_specific_video_tutorial_asking": 17,
      "want_to_practice_cpp": 4
    }
  },
  "who_create_you": {
    "precision": 0.9047619047619048,
    "recall": 0.7307692307692307,
    "f1-score": 0.8085106382978723,
    "support": 104,
    "confused_with": {
      "who_are_you": 7,
      "out_of_scope": 6
    }
  },
  "who_are_you": {
    "precision": 0.8211382113821138,
    "recall": 0.8744588744588745,
    "f1-score": 0.8469601677148847,
    "support": 231,
    "confused_with": {
      "cpplus_what_asking": 13,
      "out_of_scope": 5
    }
  },
  "feeling_good": {
    "precision": 0.7403846153846154,
    "recall": 0.7264150943396226,
    "f1-score": 0.7333333333333334,
    "support": 106,
    "confused_with": {
      "feeling_bad": 6,
      "compliment": 5
    }
  },
  "cpplus_example_asking": {
    "precision": 0.9597069597069597,
    "recall": 0.9390681003584229,
    "f1-score": 0.9492753623188406,
    "support": 279,
    "confused_with": {
      "cpplus_what_asking": 10,
      "insult": 2
    }
  },
  "insult": {
    "precision": 0.7769230769230769,
    "recall": 0.8632478632478633,
    "f1-score": 0.8178137651821863,
    "support": 234,
    "confused_with": {
      "out_of_scope": 8,
      "affirm": 3
    }
  },
  "time": {
    "precision": 0.6666666666666666,
    "recall": 0.6,
    "f1-score": 0.631578947368421,
    "support": 20,
    "confused_with": {
      "out_of_scope": 4,
      "who_are_you": 1
    }
  },
  "attention": {
    "precision": 0.4931506849315068,
    "recall": 0.5373134328358209,
    "f1-score": 0.5142857142857142,
    "support": 67,
    "confused_with": {
      "greet": 13,
      "insult": 7
    }
  },
  "stop_asking": {
    "precision": 0.9027777777777778,
    "recall": 0.7975460122699386,
    "f1-score": 0.8469055374592834,
    "support": 163,
    "confused_with": {
      "goodbye": 6,
      "deny": 4
    }
  },
  "continue_asking": {
    "precision": 0.6716417910447762,
    "recall": 0.7142857142857143,
    "f1-score": 0.6923076923076923,
    "support": 63,
    "confused_with": {
      "affirm": 8,
      "want_to_ask": 3
    }
  },
  "want_to_ask": {
    "precision": 0.8835616438356164,
    "recall": 0.9148936170212766,
    "f1-score": 0.8989547038327526,
    "support": 141,
    "confused_with": {
      "continue_asking": 6,
      "date": 1
    }
  },
  "out_of_scope": {
    "precision": 0.46195652173913043,
    "recall": 0.4028436018957346,
    "f1-score": 0.43037974683544306,
    "support": 211,
    "confused_with": {
      "cpplus_what_asking": 33,
      "compliment": 10
    }
  },
  "cpp_practice": {
    "precision": 0.819672131147541,
    "recall": 0.847457627118644,
    "f1-score": 0.8333333333333333,
    "support": 59,
    "confused_with": {
      "want_to_practice_cpp": 3,
      "want_to_practice_flowchart": 1
    }
  },
  "thanks": {
    "precision": 0.8571428571428571,
    "recall": 0.7941176470588235,
    "f1-score": 0.8244274809160305,
    "support": 68,
    "confused_with": {
      "insult": 3,
      "greet": 2
    }
  },
  "feeling_bad": {
    "precision": 0.559322033898305,
    "recall": 0.559322033898305,
    "f1-score": 0.559322033898305,
    "support": 59,
    "confused_with": {
      "feeling_good": 6,
      "out_of_scope": 4
    }
  },
  "compliment": {
    "precision": 0.625,
    "recall": 0.5882352941176471,
    "f1-score": 0.6060606060606061,
    "support": 102,
    "confused_with": {
      "out_of_scope": 5,
      "feeling_good": 5
    }
  },
  "affirm": {
    "precision": 0.42857142857142855,
    "recall": 0.375,
    "f1-score": 0.39999999999999997,
    "support": 56,
    "confused_with": {
      "insult": 7,
      "compliment": 4
    }
  },
  "dont_want_to_give_flowchart_quest_num": {
    "precision": 0.8611111111111112,
    "recall": 0.8611111111111112,
    "f1-score": 0.8611111111111112,
    "support": 144,
    "confused_with": {
      "cpplus_why_asking": 8,
      "dont_want_to_ask": 4
    }
  },
  "greet": {
    "precision": 0.7025316455696202,
    "recall": 0.74,
    "f1-score": 0.7207792207792207,
    "support": 150,
    "confused_with": {
      "attention": 16,
      "insult": 7
    }
  },
  "dont_want_to_give_cpp_content": {
    "precision": 0.0,
    "recall": 0.0,
    "f1-score": 0.0,
    "support": 8,
    "confused_with": {
      "dont_want_to_give_flowchart_quest_num": 7,
      "cpplus_why_asking": 1
    }
  },
  "goodbye": {
    "precision": 0.5172413793103449,
    "recall": 0.45454545454545453,
    "f1-score": 0.4838709677419355,
    "support": 33,
    "confused_with": {
      "out_of_scope": 6,
      "continue_asking": 3
    }
  },
  "want_to_practice_cpp": {
    "precision": 0.8639455782312925,
    "recall": 0.9136690647482014,
    "f1-score": 0.888111888111888,
    "support": 139,
    "confused_with": {
      "want_to_watch_cpp_tutorial": 3,
      "cpp_practice": 2
    }
  },
  "want_to_practice_flowchart": {
    "precision": 0.9338235294117647,
    "recall": 0.8943661971830986,
    "f1-score": 0.9136690647482013,
    "support": 142,
    "confused_with": {
      "flowchart_asking": 4,
      "dont_want_to_give_flowchart_quest_num": 2
    }
  },
  "cpplus_specific_video_tutorial_asking": {
    "precision": 0.8103448275862069,
    "recall": 0.8493975903614458,
    "f1-score": 0.8294117647058824,
    "support": 166,
    "confused_with": {
      "want_to_watch_cpp_tutorial": 11,
      "want_to_practice_cpp": 3
    }
  },
  "dont_want_to_ask": {
    "precision": 0.8,
    "recall": 0.6857142857142857,
    "f1-score": 0.7384615384615385,
    "support": 35,
    "confused_with": {
      "out_of_scope": 3,
      "stop_asking": 3
    }
  },
  "flowchart_asking": {
    "precision": 0.9244186046511628,
    "recall": 0.9520958083832335,
    "f1-score": 0.9380530973451326,
    "support": 167,
    "confused_with": {
      "dont_want_to_give_flowchart_quest_num": 2,
      "cpplus_how_asking": 2
    }
  },
  "cpplus_why_asking": {
    "precision": 0.935361216730038,
    "recall": 0.9628180039138943,
    "f1-score": 0.9488910318225651,
    "support": 511,
    "confused_with": {
      "cpplus_what_asking": 7,
      "cpplus_how_asking": 4
    }
  },
  "cpplus_how_asking": {
    "precision": 0.9594742606790799,
    "recall": 0.9501084598698482,
    "f1-score": 0.9547683923705722,
    "support": 922,
    "confused_with": {
      "cpplus_what_asking": 19,
      "cpplus_why_asking": 10
    }
  },
  "cpplus_what_asking": {
    "precision": 0.8893360160965795,
    "recall": 0.91701244813278,
    "f1-score": 0.9029622063329928,
    "support": 964,
    "confused_with": {
      "who_are_you": 13,
      "out_of_scope": 11
    }
  },
  "date": {
    "precision": 0.5384615384615384,
    "recall": 0.4666666666666667,