{
  "cpplus_content": {
    "precision": 0.9695603156708005,
    "recall": 0.8921161825726142,
    "f1-score": 0.9292274446245273,
    "support": 964,
    "confused_with": {}
  },
  "flowchart_quest_num": {
    "precision": 0.9761904761904762,
    "recall": 0.82,
    "f1-score": 0.8913043478260869,
    "support": 50,
    "confused_with": {}
  },
  "micro avg": {
    "precision": 0.9698600645855759,
    "recall": 0.888560157790927,
    "f1-score": 0.9274318064848173,
    "support": 1014
  },
  "macro avg": {
    "precision": 0.9728753959306383,
    "recall": 0.856058091286307,
    "f1-score": 0.9102658962253072,
    "support": 1014
  },
  "weighted avg": {
    "precision": 0.9698872466628949,
    "recall": 0.888560157790927,
    "f1-score": 0.9273574694372275,
    "support": 1014
  }
}