{
  "cpplus_content": {
    "precision": 0.9666666666666667,
    "recall": 0.7219917012448133,
    "f1-score": 0.8266033254156769,
    "support": 964,
    "confused_with": {
      "CPPLUS_CONTENT": 1
    }
  },
  "flowchart_quest_num": {
    "precision": 0.9696969696969697,
    "recall": 0.64,
    "f1-score": 0.7710843373493975,
    "support": 50,
    "confused_with": {}
  },
  "micro avg": {
    "precision": 0.9667994687915007,
    "recall": 0.717948717948718,
    "f1-score": 0.8239954725523485,
    "support": 1014
  },
  "macro avg": {
    "precision": 0.9681818181818183,
    "recall": 0.6809958506224066,
    "f1-score": 0.7988438313825372,
    "support": 1014
  },
  "weighted avg": {
    "precision": 0.966816089893013,
    "recall": 0.717948717948718,
    "f1-score": 0.823865702729963,
    "support": 1014
  }
}