{
  "cpplus_content": {
    "precision": 0.978021978021978,
    "recall": 0.9192488262910798,
    "f1-score": 0.9477250726040659,
    "support": 1065,
    "confused_with": {}
  },
  "flowchart_quest_num": {
    "precision": 0.9761904761904762,
    "recall": 0.82,
    "f1-score": 0.8913043478260869,
    "support": 50,
    "confused_with": {}
  },
  "micro avg": {
    "precision": 0.9779482262703739,
    "recall": 0.9147982062780269,
    "f1-score": 0.9453197405004634,
    "support": 1115
  },
  "macro avg": {
    "precision": 0.9771062271062271,
    "recall": 0.86962441314554,
    "f1-score": 0.9195147102150765,
    "support": 1115
  },
  "weighted avg": {
    "precision": 0.9779398478950049,
    "recall": 0.9147982062780269,
    "f1-score": 0.9451949952597619,
    "support": 1115
  }
}