{
  "deny": {
    "precision": 1.0,
    "recall": 0.925,
    "f1-score": 0.961038961038961,
    "support": 40,
    "confused_with": {
      "want_to_ask": 1,
      "stop_asking": 1
    }
  },
  "dont_want_to_give_cpp_content": {
    "precision": 0.0,
    "recall": 0.0,
    "f1-score": 0.0,
    "support": 2,
    "confused_with": {
      "dont_want_to_give_flowchart_quest_num": 2
    }
  },
  "flowchart_asking": {
    "precision": 0.8421052631578947,
    "recall": 0.9696969696969697,
    "f1-score": 0.9014084507042254,
    "support": 33,
    "confused_with": {
      "out_of_scope": 1
    }
  },
  "cpplus_how_asking": {
    "precision": 0.9680851063829787,
    "recall": 0.9837837837837838,
    "f1-score": 0.9758713136729222,
    "support": 185,
    "confused_with": {
      "want_to_practice_flowchart": 1,
      "cpplus_why_asking": 1
    }
  },
  "want_to_watch_cpp_tutorial": {
    "precision": 1.0,
    "recall": 0.8536585365853658,
    "f1-score": 0.9210526315789475,
    "support": 41,
    "confused_with": {
      "cpplus_specific_video_tutorial_asking": 6
    }
  },
  "time": {
    "precision": 1.0,
    "recall": 1.0,
    "f1-score": 1.0,
    "support": 4,
    "confused_with": {}
  },
  "attention": {
    "precision": 0.5833333333333334,
    "recall": 0.5384615384615384,
    "f1-score": 0.5599999999999999,
    "support": 13,
    "confused_with": {
      "insult": 5,
      "greet": 1
    }
  },
  "stop_asking": {
    "precision": 0.8823529411764706,
    "recall": 0.9090909090909091,
    "f1-score": 0.8955223880597014,
    "support": 33,
    "confused_with": {
      "attention": 1,
      "greet": 1
    }
  },
  "goodbye": {
    "precision": 1.0,
    "recall": 0.5714285714285714,
    "f1-score": 0.7272727272727273,
    "support": 7,
    "confused_with": {
      "insult": 2,
      "continue_asking": 1
    }
  },
  "health_inquire": {
    "precision": 0.9444444444444444,
    "recall": 0.9807692307692307,
    "f1-score": 0.9622641509433962,
    "support": 52,
    "confused_with": {
      "cpplus_what_asking": 1
    }
  },
  "want_to_practice_flowchart": {
    "precision": 0.9642857142857143,
    "recall": 0.9642857142857143,
    "f1-score": 0.9642857142857143,
    "support": 28,
    "confused_with": {
      "flowchart_asking": 1
    }
  },
  "corona": {
    "precision": 1.0,
    "recall": 0.9333333333333333,
    "f1-score": 0.9655172413793104,
    "support": 15,
    "confused_with": {
      "who_are_you": 1
    }
  },
  "compliment": {
    "precision": 0.8666666666666667,
    "recall": 0.6190476190476191,
    "f1-score": 0.7222222222222222,
    "support": 21,
    "confused_with": {
      "insult": 4,
      "affirm": 1
    }
  },
  "feeling_bad": {
    "precision": 1.0,
    "recall": 0.5833333333333334,
    "f1-score": 0.7368421052631579,
    "support": 12,
    "confused_with": {
      "insult": 2,
      "health_inquire": 1
    }
  },
  "cpplus_specific_video_tutorial_asking": {
    "precision": 0.8205128205128205,
    "recall": 0.9696969696969697,
    "f1-score": 0.8888888888888888,
    "support": 33,
    "confused_with": {
      "flowchart_asking": 1
    }
  },
  "cpplus_example_asking": {
    "precision": 0.9322033898305084,
    "recall": 0.9821428571428571,
    "f1-score": 0.9565217391304348,
    "support": 56,
    "confused_with": {
      "cpplus_what_asking": 1
    }
  },
  "thanks": {
    "precision": 0.7857142857142857,
    "recall": 0.7857142857142857,
    "f1-score": 0.7857142857142857,
    "support": 14,
    "confused_with": {
      "cpplus_what_asking": 2,
      "stop_asking": 1
    }
  },
  "cpplus_when_asking": {
    "precision": 0.6666666666666666,
    "recall": 1.0,
    "f1-score": 0.8,
    "support": 4,
    "confused_with": {}
  },
  "insult": {
    "precision": 0.6142857142857143,
    "recall": 0.9347826086956522,
    "f1-score": 0.7413793103448276,
    "support": 46,
    "confused_with": {
      "who_are_you": 1,
      "thanks": 1
    }
  },
  "cpplus_why_asking": {
    "precision": 0.9519230769230769,
    "recall": 0.9705882352941176,
    "f1-score": 0.9611650485436893,
    "support": 102,
    "confused_with": {
      "cpplus_when_asking": 2,
      "cpplus_how_asking": 1
    }
  },
  "who_are_you": {
    "precision": 0.9,
    "recall": 0.9574468085106383,
    "f1-score": 0.9278350515463918,
    "support": 47,
    "confused_with": {
      "dont_want_to_ask": 1,
      "cpp_practice": 1
    }
  },
  "who_create_you": {
    "precision": 0.8571428571428571,
    "recall": 0.8571428571428571,
    "f1-score": 0.8571428571428571,
    "support": 21,
    "confused_with": {
      "cpplus_example_asking": 1,
      "cpplus_how_asking": 1
    }
  },
  "dont_want_to_ask": {
    "precision": 0.7777777777777778,
    "recall": 1.0,
    "f1-score": 0.8750000000000001,
    "support": 7,
    "confused_with": {}
  },
  "cpp_practice": {
    "precision": 0.9,
    "recall": 0.8181818181818182,
    "f1-score": 0.8571428571428572,
    "support": 11,
    "confused_with": {
      "cpplus_specific_video_tutorial_asking": 1,
      "want_to_practice_cpp": 1
    }
  },
  "dont_want_to_give_flowchart_quest_num": {
    "precision": 0.9,
    "recall": 0.9310344827586207,
    "f1-score": 0.9152542372881356,
    "support": 29,
    "confused_with": {
      "cpplus_how_asking": 1,
      "who_create_you": 1
    }
  },
  "feeling_good": {
    "precision": 0.8095238095238095,
    "recall": 0.8095238095238095,
    "f1-score": 0.8095238095238095,
    "support": 21,
    "confused_with": {
      "compliment": 2,
      "insult": 1
    }
  },
  "cpplus_where_asking": {
    "precision": 1.0,
    "recall": 1.0,
    "f1-score": 1.0,
    "support": 3,
    "confused_with": {}
  },
  "continue_asking": {
    "precision": 0.75,
    "recall": 0.46153846153846156,
    "f1-score": 0.5714285714285714,
    "support": 13,
    "confused_with": {
      "affirm": 3,
      "attention": 2
    }
  },
  "affirm": {
    "precision": 0.5384615384615384,
    "recall": 0.6363636363636364,
    "f1-score": 0.5833333333333334,
    "support": 11,
    "confused_with": {
      "feeling_good": 2,
      "attention": 1
    }
  },
  "date": {
    "precision": 1.0,
    "recall": 1.0,
    "f1-score": 1.0,
    "support": 3,
    "confused_with": {}
  },
  "want_to_practice_cpp": {
    "precision": 0.9333333333333333,
    "recall": 1.0,
    "f1-score": 0.9655172413793104,
    "support": 28,
    "confused_with": {}
  },
  "cpplus_what_asking": {
    "precision": 0.927461139896373,
    "recall": 0.927461139896373,
    "f1-score": 0.927461139896373,
    "support": 193,
    "confused_with": {
      "flowchart_asking": 3,
      "who_create_you": 2
    }
  },
  "greet": {
    "precision": 0.8846153846153846,
    "recall": 0.7666666666666667,
    "f1-score": 0.8214285714285715,
    "support": 30,
    "confused_with": {
      "insult": 6,
      "affirm": 1
    }
  },
  "out_of_scope": {
    "precision": 0.8571428571428571,
    "recall": 0.42857142857142855,
    "f1-score": 0.5714285714285714,
    "support": 42,
    "confused_with": {
      "cpplus_what_asking": 9,
      "insult": 5
    }
  },
  "want_to_ask": {
    "precision": 0.9285714285714286,
    "recall": 0.9285714285714286,
    "f1-score": 0.9285714285714286,
    "support": 28,
    "confused_with": {
      "attention": 1,
      "continue_asking": 1
    }
  },
  "accuracy": 0.8982084690553745,
  "macro avg": {
    "precision": 0.8510459871384551,
    "recall": 0.8284947724024568,
    "f1-score": 0.8296581385472463,
    "support": 1228
  },
  "weighted avg": {
    "precision": 0.9033280964047562,
    "recall": 0.8982084690553745,
    "f1-score": 0.8944685718377485,
    "support": 1228
  }
}