{
  "cpplus_content": {
    "precision": 0.9299867899603699,
    "recall": 0.7537473233404711,
    "f1-score": 0.8326434062684802,
    "support": 934,
    "confused_with": {}
  },
  "CPPLUS_CONTENT": {
    "precision": 0.0,
    "recall": 0.0,
    "f1-score": 0.0,
    "support": 1,
    "confused_with": {
      "cpplus_content": 1
    }
  },
  "flowchart_quest_num": {
    "precision": 1.0,
    "recall": 0.9148936170212766,
    "f1-score": 0.9555555555555556,
    "support": 47,
    "confused_with": {}
  },
  "micro avg": {
    "precision": 0.93375,
    "recall": 0.7606924643584522,
    "f1-score": 0.8383838383838383,
    "support": 982
  },
  "macro avg": {
    "precision": 0.64332892998679,
    "recall": 0.5562136467872493,
    "f1-score": 0.596066320608012,
    "support": 982
  },
  "weighted avg": {
    "precision": 0.9323906943207592,
    "recall": 0.7606924643584522,
    "f1-score": 0.8376782612687085,
    "support": 982
  }
}