{
  "cpplus_content": {
    "precision": 0.9511363636363637,
    "recall": 0.8682572614107884,
    "f1-score": 0.9078091106290673,
    "support": 964,
    "confused_with": {}
  },
  "flowchart_quest_num": {
    "precision": 0.98,
    "recall": 0.98,
    "f1-score": 0.98,
    "support": 50,
    "confused_with": {}
  },
  "micro avg": {
    "precision": 0.9526881720430107,
    "recall": 0.873767258382643,
    "f1-score": 0.911522633744856,
    "support": 1014
  },
  "macro avg": {
    "precision": 0.9655681818181818,
    "recall": 0.9241286307053942,
    "f1-score": 0.9439045553145337,
    "support": 1014
  },
  "weighted avg": {
    "precision": 0.9525596198673122,
    "recall": 0.873767258382643,
    "f1-score": 0.9113688191779299,
    "support": 1014
  }
}