{
  "cpplus_content": {
    "precision": 0.9625151148730351,
    "recall": 0.7904667328699106,
    "f1-score": 0.8680479825517994,
    "support": 1007,
    "confused_with": {}
  },
  "CPPLUS_CONTENT": {
    "precision": 0.0,
    "recall": 0.0,
    "f1-score": 0.0,
    "support": 1,
    "confused_with": {}
  },
  "flowchart_quest_num": {
    "precision": 0.975,
    "recall": 0.9512195121951219,
    "f1-score": 0.9629629629629629,
    "support": 41,
    "confused_with": {}
  },
  "micro avg": {
    "precision": 0.9630911188004614,
    "recall": 0.7959961868446139,
    "f1-score": 0.8716075156576201,
    "support": 1049
  },
  "macro avg": {
    "precision": 0.645838371624345,
    "recall": 0.5805620816883442,
    "f1-score": 0.6103369818382541,
    "support": 1049
  },
  "weighted avg": {
    "precision": 0.962085529720826,
    "recall": 0.7959961868446139,
    "f1-score": 0.8709302191717289,
    "support": 1049
  }
}