{
  "cpplus_content": {
    "precision": 0.9714285714285714,
    "recall": 0.9100642398286938,
    "f1-score": 0.9397457158651189,
    "support": 934,
    "confused_with": {}
  },
  "CPPLUS_CONTENT": {
    "precision": 1.0,
    "recall": 1.0,
    "f1-score": 1.0,
    "support": 1,
    "confused_with": {}
  },
  "flowchart_quest_num": {
    "precision": 0.9565217391304348,
    "recall": 0.9361702127659575,
    "f1-score": 0.9462365591397849,
    "support": 47,
    "confused_with": {}
  },
  "micro avg": {
    "precision": 0.9707158351409978,
    "recall": 0.9114052953156823,
    "f1-score": 0.9401260504201681,
    "support": 982
  },
  "macro avg": {
    "precision": 0.975983436853002,
    "recall": 0.9487448175315505,
    "f1-score": 0.9619940916683013,
    "support": 982
  },
  "weighted avg": {
    "precision": 0.9707442031093851,
    "recall": 0.9114052953156823,
    "f1-score": 0.9401177361482597,
    "support": 982
  }
}