{
  "CPPLUS_CONTENT": {
    "precision": 0.0,
    "recall": 0.0,
    "f1-score": 0.0,
    "support": 7,
    "confused_with": {
      "cpplus_content": 7
    }
  },
  "flowchart_quest_num": {
    "precision": 0.9203980099502488,
    "recall": 0.8767772511848341,
    "f1-score": 0.8980582524271844,
    "support": 211,
    "confused_with": {
      "cpplus_content": 4
    }
  },
  "cpplus_content": {
    "precision": 0.9053196681307956,
    "recall": 0.8039003250270856,
    "f1-score": 0.8516010558934924,
    "support": 4615,
    "confused_with": {
      "flowchart_quest_num": 3
    }
  },
  "micro avg": {
    "precision": 0.905603348058591,
    "recall": 0.8059176494930684,
    "f1-score": 0.8528574556601708,
    "support": 4833
  },
  "macro avg": {
    "precision": 0.608572559360348,
    "recall": 0.5602258587373066,
    "f1-score": 0.5832197694402256,
    "support": 4833
  },
  "weighted avg": {
    "precision": 0.9046667180887904,
    "recall": 0.8059176494930684,
    "f1-score": 0.8523958543783579,
    "support": 4833
  }
}