{
  "affirm": {
    "precision": 1.0,
    "recall": 0.017857142857142856,
    "f1-score": 0.03508771929824561,
    "support": 56,
    "confused_with": {
      "insult": 20,
      "greet": 10,
      "deny": 5
    }
  },
  "health_inquire": {
    "precision": 0.626984126984127,
    "recall": 0.9115384615384615,
    "f1-score": 0.7429467084639498,
    "support": 260,
    "confused_with": {
      "who_are_you": 7,
      "insult": 6
    }
  },
  "out_of_scope": {
    "precision": 0.3655913978494624,
    "recall": 0.16113744075829384,
    "f1-score": 0.2236842105263158,
    "support": 211,
    "confused_with": {
      "cpplus_what_asking": 45,
      "insult": 29
    }
  },
  "compliment": {
    "precision": 0.46875,
    "recall": 0.14705882352941177,
    "f1-score": 0.22388059701492538,
    "support": 102,
    "confused_with": {
      "insult": 24,
      "greet": 17
    }
  },
  "dont_want_to_ask": {
    "precision": 1.0,
    "recall": 0.02857142857142857,
    "f1-score": 0.05555555555555556,
    "support": 35,
    "confused_with": {
      "stop_asking": 25,
      "feeling_good": 2,
      "health_inquire": 2
    }
  },
  "deny": {
    "precision": 0.7043010752688172,
    "recall": 0.6582914572864321,
    "f1-score": 0.6805194805194805,
    "support": 199,
    "confused_with": {
      "cpplus_what_asking": 15,
      "stop_asking": 9
    }
  },
  "who_create_you": {
    "precision": 0.9565217391304348,
    "recall": 0.21153846153846154,
    "f1-score": 0.3464566929133859,
    "support": 104,
    "confused_with": {
      "who_are_you": 19,
      "want_to_watch_cpp_tutorial": 10
    }
  },
  "thanks": {
    "precision": 0.7,
    "recall": 0.4117647058823529,
    "f1-score": 0.5185185185185185,
    "support": 68,
    "confused_with": {
      "insult": 16,
      "feeling_good": 5
    }
  },
  "want_to_practice_flowchart": {
    "precision": 0.8110236220472441,
    "recall": 0.7253521126760564,
    "f1-score": 0.7657992565055762,
    "support": 142,
    "confused_with": {
      "flowchart_asking": 11,
      "want_to_practice_cpp": 9
    }
  },
  "cpplus_specific_video_tutorial_asking": {
    "precision": 0.7350993377483444,
    "recall": 0.6686746987951807,
    "f1-score": 0.7003154574132493,
    "support": 166,
    "confused_with": {
      "want_to_watch_cpp_tutorial": 31,
      "cpplus_what_asking": 12
    }
  },
  "who_are_you": {
    "precision": 0.6285714285714286,
    "recall": 0.7619047619047619,
    "f1-score": 0.6888454011741683,
    "support": 231,
    "confused_with": {
      "cpplus_what_asking": 24,
      "insult": 7
    }
  },
  "corona": {
    "precision": 0.835820895522388,
    "recall": 0.7272727272727273,
    "f1-score": 0.7777777777777778,
    "support": 77,
    "confused_with": {
      "cpplus_what_asking": 9,
      "insult": 4
    }
  },
  "flowchart_asking": {
    "precision": 0.7512437810945274,
    "recall": 0.9041916167664671,
    "f1-score": 0.8206521739130433,
    "support": 167,
    "confused_with": {
      "want_to_watch_cpp_tutorial": 5,
      "want_to_practice_flowchart": 3
    }
  },
  "dont_want_to_give_flowchart_quest_num": {
    "precision": 0.8666666666666667,
    "recall": 0.6319444444444444,
    "f1-score": 0.7309236947791165,
    "support": 144,
    "confused_with": {
      "cpplus_why_asking": 33,
      "flowchart_asking": 4
    }
  },
  "cpplus_where_asking": {
    "precision": 0.0,
    "recall": 0.0,
    "f1-score": 0.0,
    "support": 14,
    "confused_with": {
      "cpplus_how_asking": 5,
      "want_to_practice_flowchart": 3,
      "stop_asking": 3
    }
  },
  "want_to_practice_cpp": {
    "precision": 0.7039473684210527,
    "recall": 0.7697841726618705,
    "f1-score": 0.7353951890034364,
    "support": 139,
    "confused_with": {
      "want_to_watch_cpp_tutorial": 18,
      "flowchart_asking": 3
    }
  },
  "feeling_bad": {
    "precision": 0.5,
    "recall": 0.01694915254237288,
    "f1-score": 0.03278688524590164,
    "support": 59,
    "confused_with": {
      "insult": 14,
      "out_of_scope": 10,
      "health_inquire": 8
    }
  },
  "cpplus_why_asking": {
    "precision": 0.8394415357766143,
    "recall": 0.9412915851272016,
    "f1-score": 0.8874538745387454,
    "support": 511,
    "confused_with": {
      "cpplus_what_asking": 14,
      "cpplus_how_asking": 5
    }
  },
  "cpplus_when_asking": {
    "precision": 0.0,
    "recall": 0.0,
    "f1-score": 0.0,
    "support": 21,
    "confused_with": {
      "cpplus_why_asking": 9,
      "cpplus_how_asking": 7,
      "out_of_scope": 1
    }
  },
  "dont_want_to_give_cpp_content": {
    "precision": 0.0,
    "recall": 0.0,
    "f1-score": 0.0,
    "support": 8,
    "confused_with": {
      "dont_want_to_give_flowchart_quest_num": 3,
      "cpplus_why_asking": 3,
      "want_to_practice_cpp": 1
    }
  },
  "cpplus_what_asking": {
    "precision": 0.7994530537830447,
    "recall": 0.9097510373443983,
    "f1-score": 0.8510431829209121,
    "support": 964,
    "confused_with": {
      "insult": 13,
      "who_are_you": 13
    }
  },
  "insult": {
    "precision": 0.4502262443438914,
    "recall": 0.8504273504273504,
    "f1-score": 0.5887573964497042,
    "support": 234,
    "confused_with": {
      "greet": 9,
      "who_are_you": 7
    }
  },
  "attention": {
    "precision": 0.3333333333333333,
    "recall": 0.04477611940298507,
    "f1-score": 0.07894736842105263,
    "support": 67,
    "confused_with": {
      "greet": 28,
      "insult": 21,
      "stop_asking": 3
    }
  },
  "continue_asking": {
    "precision": 0.6896551724137931,
    "recall": 0.31746031746031744,
    "f1-score": 0.43478260869565216,
    "support": 63,
    "confused_with": {
      "stop_asking": 11,
      "insult": 8
    }
  },
  "greet": {
    "precision": 0.45416666666666666,
    "recall": 0.7266666666666667,
    "f1-score": 0.558974358974359,
    "support": 150,
    "confused_with": {
      "insult": 21,
      "deny": 4
    }
  },
  "date": {
    "precision": 0.0,
    "recall": 0.0,
    "f1-score": 0.0,
    "support": 15,
    "confused_with": {
      "who_are_you": 5,
      "insult": 3,
      "want_to_ask": 2
    }
  },
  "goodbye": {
    "precision": 0.0,
    "recall": 0.0,
    "f1-score": 0.0,
    "support": 33,
    "confused_with": {
      "insult": 11,
      "greet": 7,
      "thanks": 2
    }
  },
  "want_to_watch_cpp_tutorial": {
    "precision": 0.6611570247933884,
    "recall": 0.7766990291262136,
    "f1-score": 0.7142857142857143,
    "support": 206,
    "confused_with": {
      "cpplus_specific_video_tutorial_asking": 23,
      "want_to_practice_cpp": 7
    }
  },
  "cpplus_how_asking": {
    "precision": 0.9290322580645162,
    "recall": 0.9370932754880694,
    "f1-score": 0.9330453563714903,
    "support": 922,
    "confused_with": {
      "cpplus_what_asking": 25,
      "cpplus_why_asking": 12
    }
  },
  "cpplus_example_asking": {
    "precision": 0.927007299270073,
    "recall": 0.910394265232975,
    "f1-score": 0.9186256781193489,
    "support": 279,
    "confused_with": {
      "cpplus_what_asking": 14,
      "cpplus_specific_video_tutorial_asking": 3
    }
  },
  "cpp_practice": {
    "precision": 0.9130434782608695,
    "recall": 0.3559322033898305,
    "f1-score": 0.5121951219512195,
    "support": 59,
    "confused_with": {
      "want_to_practice_cpp": 8,
      "cpplus_specific_video_tutorial_asking": 6
    }
  },
  "want_to_ask": {
    "precision": 0.695364238410596,
    "recall": 0.7446808510638298,
    "f1-score": 0.7191780821917808,
    "support": 141,
    "confused_with": {
      "stop_asking": 12,
      "health_inquire": 7
    }
  },
  "feeling_good": {
    "precision": 0.4393939393939394,
    "recall": 0.27358490566037735,
    "f1-score": 0.3372093023255814,
    "support": 106,
    "confused_with": {
      "health_inquire": 41,
      "insult": 10
    }
  },
  "stop_asking": {
    "precision": 0.5158371040723982,
    "recall": 0.6993865030674846,
    "f1-score": 0.59375,
    "support": 163,
    "confused_with": {
      "insult": 8,