{
  "cpplus_content": {
    "precision": 0.9528535980148883,
    "recall": 0.765702891326022,
    "f1-score": 0.8490878938640132,
    "support": 1003,
    "confused_with": {}
  },
  "CPPLUS_CONTENT": {
    "precision": 0.0,
    "recall": 0.0,
    "f1-score": 0.0,
    "support": 1,
    "confused_with": {
      "cpplus_content": 1
    }
  },
  "flowchart_quest_num": {
    "precision": 0.8958333333333334,
    "recall": 0.9148936170212766,
    "f1-score": 0.9052631578947369,
    "support": 47,
    "confused_with": {}
  },
  "micro avg": {
    "precision": 0.949648711943794,
    "recall": 0.7716460513796385,
    "f1-score": 0.8514435695538058,
    "support": 1051
  },
  "macro avg": {
    "precision": 0.6162289771160739,
    "recall": 0.5601988361157662,
    "f1-score": 0.5847836839195834,
    "support": 1051
  },
  "weighted avg": {
    "precision": 0.9493970746675544,
    "recall": 0.7716460513796385,
    "f1-score": 0.8507921274658972,
    "support": 1051
  }
}