{
  "deny": {
    "precision": 0.896551724137931,
    "recall": 0.65,
    "f1-score": 0.7536231884057972,
    "support": 40,
    "confused_with": {
      "who_are_you": 3,
      "stop_asking": 3
    }
  },
  "dont_want_to_give_cpp_content": {
    "precision": 0.0,
    "recall": 0.0,
    "f1-score": 0.0,
    "support": 2,
    "confused_with": {
      "dont_want_to_give_flowchart_quest_num": 1,
      "cpplus_why_asking": 1
    }
  },
  "flowchart_asking": {
    "precision": 1.0,
    "recall": 0.9393939393939394,
    "f1-score": 0.96875,
    "support": 33,
    "confused_with": {
      "out_of_scope": 1,
      "want_to_practice_flowchart": 1
    }
  },
  "cpplus_how_asking": {
    "precision": 0.9513513513513514,
    "recall": 0.9513513513513514,
    "f1-score": 0.9513513513513514,
    "support": 185,
    "confused_with": {
      "cpplus_why_asking": 3,
      "cpplus_what_asking": 3
    }
  },
  "want_to_watch_cpp_tutorial": {
    "precision": 0.85,
    "recall": 0.8292682926829268,
    "f1-score": 0.8395061728395061,
    "support": 41,
    "confused_with": {
      "cpplus_specific_video_tutorial_asking": 4,
      "who_create_you": 1
    }
  },
  "time": {
    "precision": 1.0,
    "recall": 0.25,
    "f1-score": 0.4,
    "support": 4,
    "confused_with": {
      "out_of_scope": 2,
      "attention": 1
    }
  },
  "attention": {
    "precision": 0.4,
    "recall": 0.46153846153846156,
    "f1-score": 0.42857142857142855,
    "support": 13,
    "confused_with": {
      "insult": 3,
      "greet": 2
    }
  },
  "stop_asking": {
    "precision": 0.7575757575757576,
    "recall": 0.7575757575757576,
    "f1-score": 0.7575757575757576,
    "support": 33,
    "confused_with": {
      "greet": 2,
      "goodbye": 2
    }
  },
  "goodbye": {
    "precision": 0.5,
    "recall": 0.42857142857142855,
    "f1-score": 0.4615384615384615,
    "support": 7,
    "confused_with": {
      "greet": 2,
      "out_of_scope": 1
    }
  },
  "health_inquire": {
    "precision": 0.8275862068965517,
    "recall": 0.9230769230769231,
    "f1-score": 0.8727272727272727,
    "support": 52,
    "confused_with": {
      "out_of_scope": 2,
      "feeling_good": 1
    }
  },
  "want_to_practice_flowchart": {
    "precision": 0.84375,
    "recall": 0.9642857142857143,
    "f1-score": 0.8999999999999999,
    "support": 28,
    "confused_with": {
      "insult": 1
    }
  },
  "corona": {
    "precision": 0.8666666666666667,
    "recall": 0.8666666666666667,
    "f1-score": 0.8666666666666667,
    "support": 15,
    "confused_with": {
      "cpplus_how_asking": 1,
      "cpplus_what_asking": 1
    }
  },
  "compliment": {
    "precision": 0.5294117647058824,
    "recall": 0.42857142857142855,
    "f1-score": 0.4736842105263158,
    "support": 21,
    "confused_with": {
      "stop_asking": 3,
      "attention": 2
    }
  },
  "feeling_bad": {
    "precision": 0.8333333333333334,
    "recall": 0.4166666666666667,
    "f1-score": 0.5555555555555556,
    "support": 12,
    "confused_with": {
      "health_inquire": 2,
      "compliment": 2
    }
  },
  "cpplus_specific_video_tutorial_asking": {
    "precision": 0.8125,
    "recall": 0.7878787878787878,
    "f1-score": 0.8,
    "support": 33,
    "confused_with": {
      "want_to_watch_cpp_tutorial": 4,
      "out_of_scope": 1
    }
  },
  "cpplus_example_asking": {
    "precision": 0.9642857142857143,
    "recall": 0.9642857142857143,
    "f1-score": 0.9642857142857143,
    "support": 56,
    "confused_with": {
      "cpplus_what_asking": 2
    }
  },
  "thanks": {
    "precision": 0.8461538461538461,
    "recall": 0.7857142857142857,
    "f1-score": 0.8148148148148148,
    "support": 14,
    "confused_with": {
      "who_create_you": 1,
      "insult": 1
    }
  },
  "cpplus_when_asking": {
    "precision": 1.0,
    "recall": 0.75,
    "f1-score": 0.8571428571428571,
    "support": 4,
    "confused_with": {
      "health_inquire": 1
    }
  },
  "insult": {
    "precision": 0.7169811320754716,
    "recall": 0.8260869565217391,
    "f1-score": 0.7676767676767677,
    "support": 46,
    "confused_with": {
      "out_of_scope": 3,
      "cpplus_what_asking": 2
    }
  },
  "cpplus_why_asking": {
    "precision": 0.8990825688073395,
    "recall": 0.9607843137254902,
    "f1-score": 0.9289099526066351,
    "support": 102,
    "confused_with": {
      "dont_want_to_give_flowchart_quest_num": 1,
      "cpplus_what_asking": 1
    }
  },
  "who_are_you": {
    "precision": 0.7454545454545455,
    "recall": 0.8723404255319149,
    "f1-score": 0.803921568627451,
    "support": 47,
    "confused_with": {
      "cpplus_what_asking": 3,
      "cpplus_how_asking": 1
    }
  },
  "who_create_you": {
    "precision": 0.7391304347826086,
    "recall": 0.8095238095238095,
    "f1-score": 0.7727272727272727,
    "support": 21,
    "confused_with": {
      "health_inquire": 2,
      "who_are_you": 2
    }
  },
  "dont_want_to_ask": {
    "precision": 0.8571428571428571,
    "recall": 0.8571428571428571,
    "f1-score": 0.8571428571428571,
    "support": 7,
    "confused_with": {
      "cpplus_how_asking": 1
    }
  },
  "cpp_practice": {
    "precision": 0.8461538461538461,
    "recall": 1.0,
    "f1-score": 0.9166666666666666,
    "support": 11,
    "confused_with": {}
  },
  "dont_want_to_give_flowchart_quest_num": {
    "precision": 0.896551724137931,
    "recall": 0.896551724137931,
    "f1-score": 0.896551724137931,
    "support": 29,
    "confused_with": {
      "dont_want_to_give_cpp_content": 1,
      "cpplus_why_asking": 1
    }
  },
  "feeling_good": {
    "precision": 0.7368421052631579,
    "recall": 0.6666666666666666,
    "f1-score": 0.7,
    "support": 21,
    "confused_with": {
      "compliment": 3,
      "greet": 2
    }
  },
  "cpplus_where_asking": {
    "precision": 1.0,
    "recall": 1.0,
    "f1-score": 1.0,
    "support": 3,
    "confused_with": {}
  },
  "continue_asking": {
    "precision": 0.6666666666666666,
    "recall": 0.7692307692307693,
    "f1-score": 0.7142857142857142,
    "support": 13,
    "confused_with": {
      "dont_want_to_give_flowchart_quest_num": 1,
      "insult": 1
    }
  },
  "affirm": {
    "precision": 0.42857142857142855,
    "recall": 0.2727272727272727,
    "f1-score": 0.33333333333333326,
    "support": 11,
    "confused_with": {
      "out_of_scope": 3,
      "compliment": 2
    }
  },
  "date": {
    "precision": 0.6666666666666666,
    "recall": 0.6666666666666666,
    "f1-score": 0.6666666666666666,
    "support": 3,
    "confused_with": {
      "who_create_you": 1
    }
  },
  "want_to_practice_cpp": {
    "precision": 0.9333333333333333,
    "recall": 1.0,
    "f1-score": 0.9655172413793104,
    "support": 28,
    "confused_with": {}
  },
  "cpplus_what_asking": {
    "precision": 0.8629441624365483,
    "recall": 0.8808290155440415,
    "f1-score": 0.8717948717948718,
    "support": 193,
    "confused_with": {
      "cpplus_why_asking": 5,
      "out_of_scope": 3
    }
  },
  "greet": {
    "precision": 0.5588235294117647,
    "recall": 0.6333333333333333,
    "f1-score": 0.59375,
    "support": 30,
    "confused_with": {
      "insult": 4,
      "attention": 3
    }
  },
  "out_of_scope": {
    "precision": 0.4444444444444444,
    "recall": 0.38095238095238093,
    "f1-score": 0.41025641025641024,
    "support": 42,
    "confused_with": {
      "cpplus_what_asking": 11,
      "who_are_you": 2
    }
  },
  "want_to_ask": {
    "precision": 0.9545454545454546,
    "recall": 0.75,
    "f1-score": 0.84,
    "support": 28,
    "confused_with": {
      "continue_asking": 2,
      "cpplus_what_asking": 2
    }
  },
  "accuracy": 0.8314332247557004,
  "macro avg": {
    "precision": 0.7666428932857455,
    "recall": 0.7256480459989979,
    "f1-score": 0.734428414265811,
    "support": 1228
  },
  "weighted avg": {
    "precision": 0.8306971012612251,
    "recall": 0.8314332247557004,
    "f1-score": 0.8273867019492274,
    "support": 1228
  }
}