{
  "cpplus_content": {
    "precision": 0.9665271966527197,
    "recall": 0.9175769612711023,
    "f1-score": 0.9414161996943454,
    "support": 1007,
    "confused_with": {
      "CPPLUS_CONTENT": 1
    }
  },
  "CPPLUS_CONTENT": {
    "precision": 0.0,
    "recall": 0.0,
    "f1-score": 0.0,
    "support": 1,
    "confused_with": {
      "cpplus_content": 1
    }
  },
  "flowchart_quest_num": {
    "precision": 1.0,
    "recall": 1.0,
    "f1-score": 1.0,
    "support": 41,
    "confused_with": {}
  },
  "micro avg": {
    "precision": 0.966933867735471,
    "recall": 0.9199237368922784,
    "f1-score": 0.9428431851489986,
    "support": 1049
  },
  "macro avg": {
    "precision": 0.6555090655509065,
    "recall": 0.6391923204237008,
    "f1-score": 0.6471387332314484,
    "support": 1049
  },
  "weighted avg": {
    "precision": 0.9669140963100942,
    "recall": 0.9199237368922784,
    "f1-score": 0.9428084967513879,
    "support": 1049
  }
}