{
  "deny": {
    "precision": 0.8809523809523809,
    "recall": 0.925,
    "f1-score": 0.9024390243902439,
    "support": 40,
    "confused_with": {
      "out_of_scope": 2,
      "cpplus_how_asking": 1
    }
  },
  "dont_want_to_give_cpp_content": {
    "precision": 0.0,
    "recall": 0.0,
    "f1-score": 0.0,
    "support": 2,
    "confused_with": {
      "dont_want_to_give_flowchart_quest_num": 2
    }
  },
  "flowchart_asking": {
    "precision": 0.8918918918918919,
    "recall": 1.0,
    "f1-score": 0.9428571428571428,
    "support": 33,
    "confused_with": {}
  },
  "cpplus_how_asking": {
    "precision": 0.9411764705882353,
    "recall": 0.9513513513513514,
    "f1-score": 0.946236559139785,
    "support": 185,
    "confused_with": {
      "cpplus_what_asking": 5,
      "out_of_scope": 3
    }
  },
  "want_to_watch_cpp_tutorial": {
    "precision": 0.9117647058823529,
    "recall": 0.7560975609756098,
    "f1-score": 0.8266666666666665,
    "support": 41,
    "confused_with": {
      "cpplus_specific_video_tutorial_asking": 5,
      "want_to_practice_cpp": 1
    }
  },
  "time": {
    "precision": 0.75,
    "recall": 0.75,
    "f1-score": 0.75,
    "support": 4,
    "confused_with": {
      "out_of_scope": 1
    }
  },
  "attention": {
    "precision": 0.47058823529411764,
    "recall": 0.6153846153846154,
    "f1-score": 0.5333333333333333,
    "support": 13,
    "confused_with": {
      "greet": 2,
      "out_of_scope": 1
    }
  },
  "stop_asking": {
    "precision": 0.896551724137931,
    "recall": 0.7878787878787878,
    "f1-score": 0.8387096774193549,
    "support": 33,
    "confused_with": {
      "cpplus_what_asking": 2,
      "affirm": 1
    }
  },
  "goodbye": {
    "precision": 0.6666666666666666,
    "recall": 0.2857142857142857,
    "f1-score": 0.4,
    "support": 7,
    "confused_with": {
      "affirm": 1,
      "insult": 1
    }
  },
  "health_inquire": {
    "precision": 1.0,
    "recall": 0.9423076923076923,
    "f1-score": 0.9702970297029703,
    "support": 52,
    "confused_with": {
      "affirm": 1,
      "who_are_you": 1
    }
  },
  "want_to_practice_flowchart": {
    "precision": 0.9629629629629629,
    "recall": 0.9285714285714286,
    "f1-score": 0.9454545454545454,
    "support": 28,
    "confused_with": {
      "cpplus_how_asking": 1,
      "cpplus_what_asking": 1
    }
  },
  "corona": {
    "precision": 0.9375,
    "recall": 1.0,
    "f1-score": 0.967741935483871,
    "support": 15,
    "confused_with": {}
  },
  "compliment": {
    "precision": 0.6521739130434783,
    "recall": 0.7142857142857143,
    "f1-score": 0.6818181818181819,
    "support": 21,
    "confused_with": {
      "out_of_scope": 2,
      "feeling_bad": 1
    }
  },
  "feeling_bad": {
    "precision": 0.6666666666666666,
    "recall": 0.3333333333333333,
    "f1-score": 0.4444444444444444,
    "support": 12,
    "confused_with": {
      "out_of_scope": 2,
      "insult": 2
    }
  },
  "cpplus_specific_video_tutorial_asking": {
    "precision": 0.8285714285714286,
    "recall": 0.8787878787878788,
    "f1-score": 0.8529411764705883,
    "support": 33,
    "confused_with": {
      "cpplus_example_asking": 2,
      "want_to_watch_cpp_tutorial": 1
    }
  },
  "cpplus_example_asking": {
    "precision": 0.9016393442622951,
    "recall": 0.9821428571428571,
    "f1-score": 0.9401709401709402,
    "support": 56,
    "confused_with": {
      "cpplus_what_asking": 1
    }
  },
  "thanks": {
    "precision": 0.9285714285714286,
    "recall": 0.9285714285714286,
    "f1-score": 0.9285714285714286,
    "support": 14,
    "confused_with": {
      "affirm": 1
    }
  },
  "cpplus_when_asking": {
    "precision": 1.0,
    "recall": 0.75,
    "f1-score": 0.8571428571428571,
    "support": 4,
    "confused_with": {
      "cpplus_what_asking": 1
    }
  },
  "insult": {
    "precision": 0.8260869565217391,
    "recall": 0.8260869565217391,
    "f1-score": 0.8260869565217391,
    "support": 46,
    "confused_with": {
      "affirm": 2,
      "want_to_watch_cpp_tutorial": 1
    }
  },
  "cpplus_why_asking": {
    "precision": 0.9150943396226415,
    "recall": 0.9509803921568627,
    "f1-score": 0.9326923076923077,
    "support": 102,
    "confused_with": {
      "out_of_scope": 2,
      "flowchart_asking": 1
    }
  },
  "who_are_you": {
    "precision": 0.8723404255319149,
    "recall": 0.8723404255319149,
    "f1-score": 0.8723404255319149,
    "support": 47,
    "confused_with": {
      "out_of_scope": 3,
      "cpplus_what_asking": 2
    }
  },
  "who_create_you": {
    "precision": 0.8823529411764706,
    "recall": 0.7142857142857143,
    "f1-score": 0.7894736842105262,
    "support": 21,
    "confused_with": {
      "who_are_you": 3,
      "cpplus_example_asking": 1
    }
  },
  "dont_want_to_ask": {
    "precision": 0.625,
    "recall": 0.7142857142857143,
    "f1-score": 0.6666666666666666,
    "support": 7,
    "confused_with": {
      "out_of_scope": 1,
      "stop_asking": 1
    }
  },
  "cpp_practice": {
    "precision": 1.0,
    "recall": 0.9090909090909091,
    "f1-score": 0.9523809523809523,
    "support": 11,
    "confused_with": {
      "flowchart_asking": 1
    }
  },
  "dont_want_to_give_flowchart_quest_num": {
    "precision": 0.9130434782608695,
    "recall": 0.7241379310344828,
    "f1-score": 0.8076923076923076,
    "support": 29,
    "confused_with": {
      "cpplus_why_asking": 5,
      "dont_want_to_give_cpp_content": 1
    }
  },
  "feeling_good": {
    "precision": 0.9230769230769231,
    "recall": 0.5714285714285714,
    "f1-score": 0.7058823529411765,
    "support": 21,
    "confused_with": {
      "who_create_you": 1,
      "out_of_scope": 1
    }
  },
  "cpplus_where_asking": {
    "precision": 1.0,
    "recall": 0.3333333333333333,
    "f1-score": 0.5,
    "support": 3,
    "confused_with": {
      "deny": 1,
      "cpplus_why_asking": 1
    }
  },
  "continue_asking": {
    "precision": 0.5384615384615384,
    "recall": 0.5384615384615384,
    "f1-score": 0.5384615384615384,
    "support": 13,
    "confused_with": {
      "out_of_scope": 3,
      "affirm": 2
    }
  },
  "affirm": {
    "precision": 0.29411764705882354,
    "recall": 0.45454545454545453,
    "f1-score": 0.35714285714285715,
    "support": 11,
    "confused_with": {
      "out_of_scope": 2,
      "compliment": 1
    }
  },
  "date": {
    "precision": 1.0,
    "recall": 0.6666666666666666,
    "f1-score": 0.8,
    "support": 3,
    "confused_with": {
      "goodbye": 1
    }
  },
  "want_to_practice_cpp": {
    "precision": 0.9615384615384616,
    "recall": 0.8928571428571429,
    "f1-score": 0.9259259259259259,
    "support": 28,
    "confused_with": {
      "want_to_watch_cpp_tutorial": 1,
      "continue_asking": 1
    }
  },
  "cpplus_what_asking": {
    "precision": 0.8530805687203792,
    "recall": 0.9326424870466321,
    "f1-score": 0.891089108910891,
    "support": 193,
    "confused_with": {
      "cpplus_example_asking": 3,
      "insult": 2
    }
  },
  "greet": {
    "precision": 0.7419354838709677,
    "recall": 0.7666666666666667,
    "f1-score": 0.7540983606557377,
    "support": 30,
    "confused_with": {
      "attention": 6,
      "out_of_scope": 1
    }
  },
  "out_of_scope": {
    "precision": 0.3333333333333333,
    "recall": 0.38095238095238093,
    "f1-score": 0.35555555555555557,
    "support": 42,
    "confused_with": {
      "cpplus_what_asking": 9,
      "affirm": 3
    }
  },
  "want_to_ask": {
    "precision": 1.0,
    "recall": 0.75,
    "f1-score": 0.8571428571428571,
    "support": 28,
    "confused_with": {
      "who_create_you": 1,
      "who_are_you": 1
    }
  },
  "accuracy": 0.8501628664495114,
  "macro avg": {
    "precision": 0.7990611404761685,
    "recall": 0.7293768348334487,
    "f1-score": 0.7503273371571231,
    "support": 1228
  },
  "weighted avg": {
    "precision": 0.8577074265726982,
    "recall": 0.8501628664495114,
    "f1-score": 0.8495803923558873,
    "support": 1228
  }
}