{
  "cpplus_content": {
    "precision": 0.9688940092165899,
    "recall": 0.9004282655246253,
    "f1-score": 0.9334073251942288,
    "support": 934,
    "confused_with": {}
  },
  "CPPLUS_CONTENT": {
    "precision": 1.0,
    "recall": 1.0,
    "f1-score": 1.0,
    "support": 1,
    "confused_with": {}
  },
  "flowchart_quest_num": {
    "precision": 0.9772727272727273,
    "recall": 0.9148936170212766,
    "f1-score": 0.945054945054945,
    "support": 47,
    "confused_with": {}
  },
  "micro avg": {
    "precision": 0.9693318729463308,
    "recall": 0.9012219959266803,
    "f1-score": 0.9340369393139843,
    "support": 982
  },
  "macro avg": {
    "precision": 0.9820555788297725,
    "recall": 0.9384406275153006,
    "f1-score": 0.9594874234163914,
    "support": 982
  },
  "weighted avg": {
    "precision": 0.9693267034522537,
    "recall": 0.9012219959266803,
    "f1-score": 0.9340326111496864,
    "support": 982
  }
}