{
  "cpplus_content": {
    "precision": 0.9245283018867925,
    "recall": 0.9153846153846154,
    "f1-score": 0.9199337382661513,
    "support": 910,
    "confused_with": {}
  },
  "CPPLUS_CONTENT": {
    "precision": 1.0,
    "recall": 1.0,
    "f1-score": 1.0,
    "support": 1,
    "confused_with": {}
  },
  "flowchart_quest_num": {
    "precision": 1.0,
    "recall": 1.0,
    "f1-score": 1.0,
    "support": 41,
    "confused_with": {}
  },
  "micro avg": {
    "precision": 0.9278897136797455,
    "recall": 0.9191176470588235,
    "f1-score": 0.9234828496042217,
    "support": 952
  },
  "macro avg": {
    "precision": 0.9748427672955975,
    "recall": 0.9717948717948718,
    "f1-score": 0.9733112460887171,
    "support": 952
  },
  "weighted avg": {
    "precision": 0.927857935627081,
    "recall": 0.9191176470588235,
    "f1-score": 0.9234660733426446,
    "support": 952
  }
}