{
  "deny": {
    "precision": 0.9509803921568627,
    "recall": 0.9748743718592965,
    "f1-score": 0.9627791563275433,
    "support": 199,
    "confused_with": {
      "stop_asking": 3,
      "want_to_ask": 1
    }
  },
  "want_to_watch_cpp_tutorial": {
    "precision": 0.9759615384615384,
    "recall": 0.9854368932038835,
    "f1-score": 0.9806763285024154,
    "support": 206,
    "confused_with": {
      "cpplus_specific_video_tutorial_asking": 3
    }
  },
  "who_are_you": {
    "precision": 0.9061224489795918,
    "recall": 0.961038961038961,
    "f1-score": 0.9327731092436975,
    "support": 231,
    "confused_with": {
      "cpplus_how_asking": 3,
      "cpplus_where_asking": 1
    }
  },
  "cpplus_how_asking": {
    "precision": 0.9734888653234358,
    "recall": 0.9956616052060737,
    "f1-score": 0.9844504021447721,
    "support": 922,
    "confused_with": {
      "cpplus_what_asking": 2,
      "out_of_scope": 1
    }
  },
  "who_create_you": {
    "precision": 0.9423076923076923,
    "recall": 0.9423076923076923,
    "f1-score": 0.9423076923076923,
    "support": 104,
    "confused_with": {
      "who_are_you": 3,
      "cpplus_how_asking": 1
    }
  },
  "cpplus_example_asking": {
    "precision": 0.9787985865724381,
    "recall": 0.992831541218638,
    "f1-score": 0.9857651245551602,
    "support": 279,
    "confused_with": {
      "cpplus_how_asking": 1,
      "cpplus_what_asking": 1
    }
  },
  "insult": {
    "precision": 0.8150943396226416,
    "recall": 0.9230769230769231,
    "f1-score": 0.8657314629258518,
    "support": 234,
    "confused_with": {
      "out_of_scope": 5,
      "who_are_you": 4
    }
  },
  "health_inquire": {
    "precision": 0.9810606060606061,
    "recall": 0.9961538461538462,
    "f1-score": 0.9885496183206107,
    "support": 260,
    "confused_with": {
      "continue_asking": 1
    }
  },
  "attention": {
    "precision": 0.8235294117647058,
    "recall": 0.6268656716417911,
    "f1-score": 0.7118644067796609,
    "support": 67,
    "confused_with": {
      "greet": 11,
      "insult": 7
    }
  },
  "want_to_practice_flowchart": {
    "precision": 0.9530201342281879,
    "recall": 1.0,
    "f1-score": 0.9759450171821306,
    "support": 142,
    "confused_with": {}
  },
  "feeling_bad": {
    "precision": 0.8478260869565217,
    "recall": 0.6610169491525424,
    "f1-score": 0.7428571428571429,
    "support": 59,
    "confused_with": {
      "insult": 6,
      "feeling_good": 3
    }
  },
  "affirm": {
    "precision": 0.7346938775510204,
    "recall": 0.6428571428571429,
    "f1-score": 0.6857142857142857,
    "support": 56,
    "confused_with": {
      "insult": 5,
      "continue_asking": 4
    }
  },
  "dont_want_to_give_flowchart_quest_num": {
    "precision": 0.9357142857142857,
    "recall": 0.9097222222222222,
    "f1-score": 0.9225352112676057,
    "support": 144,
    "confused_with": {
      "cpplus_why_asking": 6,
      "deny": 2
    }
  },
  "cpplus_what_asking": {
    "precision": 0.974012474012474,
    "recall": 0.9719917012448133,
    "f1-score": 0.9730010384215992,
    "support": 964,
    "confused_with": {
      "cpplus_how_asking": 7,
      "cpplus_why_asking": 3
    }
  },
  "thanks": {
    "precision": 0.9558823529411765,
    "recall": 0.9558823529411765,
    "f1-score": 0.9558823529411765,
    "support": 68,
    "confused_with": {
      "cpplus_why_asking": 2,
      "affirm": 1
    }
  },
  "dont_want_to_ask": {
    "precision": 0.8823529411764706,
    "recall": 0.8571428571428571,
    "f1-score": 0.8695652173913043,
    "support": 35,
    "confused_with": {
      "dont_want_to_give_flowchart_quest_num": 1,
      "cpplus_why_asking": 1
    }
  },
  "goodbye": {
    "precision": 0.84,
    "recall": 0.6363636363636364,
    "f1-score": 0.7241379310344828,
    "support": 33,
    "confused_with": {
      "greet": 4,
      "feeling_good": 2
    }
  },
  "cpplus_specific_video_tutorial_asking": {
    "precision": 0.9642857142857143,
    "recall": 0.9759036144578314,
    "f1-score": 0.970059880239521,
    "support": 166,
    "confused_with": {
      "want_to_watch_cpp_tutorial": 3,
      "out_of_scope": 1
    }
  },
  "greet": {
    "precision": 0.7764705882352941,
    "recall": 0.88,
    "f1-score": 0.825,
    "support": 150,
    "confused_with": {
      "insult": 7,
      "out_of_scope": 4
    }
  },
  "want_to_practice_cpp": {
    "precision": 0.972027972027972,
    "recall": 1.0,
    "f1-score": 0.9858156028368793,
    "support": 139,
    "confused_with": {}
  },
  "cpp_practice": {
    "precision": 0.9824561403508771,
    "recall": 0.9491525423728814,
    "f1-score": 0.9655172413793103,
    "support": 59,
    "confused_with": {
      "want_to_practice_cpp": 2,
      "want_to_practice_flowchart": 1
    }
  },
  "flowchart_asking": {
    "precision": 0.9597701149425287,
    "recall": 1.0,
    "f1-score": 0.9794721407624634,
    "support": 167,
    "confused_with": {}
  },
  "cpplus_when_asking": {
    "precision": 1.0,
    "recall": 0.9523809523809523,
    "f1-score": 0.975609756097561,
    "support": 21,
    "confused_with": {
      "cpplus_why_asking": 1
    }
  },
  "out_of_scope": {
    "precision": 0.7671232876712328,
    "recall": 0.5308056872037915,
    "f1-score": 0.6274509803921569,
    "support": 211,
    "confused_with": {
      "cpplus_what_asking": 18,
      "insult": 15
    }
  },
  "date": {
    "precision": 0.9230769230769231,
    "recall": 0.8,
    "f1-score": 0.8571428571428571,
    "support": 15,
    "confused_with": {
      "out_of_scope": 2,
      "continue_asking": 1
    }
  },
  "time": {
    "precision": 0.8333333333333334,
    "recall": 0.75,
    "f1-score": 0.7894736842105262,
    "support": 20,
    "confused_with": {
      "out_of_scope": 4,
      "deny": 1
    }
  },
  "cpplus_where_asking": {
    "precision": 0.8235294117647058,
    "recall": 1.0,
    "f1-score": 0.9032258064516129,
    "support": 14,
    "confused_with": {}
  },
  "continue_asking": {
    "precision": 0.7457627118644068,
    "recall": 0.6984126984126984,
    "f1-score": 0.7213114754098361,
    "support": 63,
    "confused_with": {
      "affirm": 8,
      "want_to_ask": 5
    }
  },
  "dont_want_to_give_cpp_content": {
    "precision": 0.3333333333333333,
    "recall": 0.125,
    "f1-score": 0.18181818181818182,
    "support": 8,
    "confused_with": {
      "dont_want_to_give_flowchart_quest_num": 6,
      "cpplus_why_asking": 1
    }
  },
  "corona": {
    "precision": 0.9743589743589743,
    "recall": 0.987012987012987,
    "f1-score": 0.9806451612903225,
    "support": 77,
    "confused_with": {
      "insult": 1
    }
  },
  "compliment": {
    "precision": 0.9375,
    "recall": 0.8823529411764706,
    "f1-score": 0.9090909090909091,
    "support": 102,
    "confused_with": {
      "insult": 2,
      "feeling_good": 2
    }
  },
  "cpplus_why_asking": {
    "precision": 0.9653179190751445,
    "recall": 0.9804305283757339,
    "f1-score": 0.9728155339805825,
    "support": 511,
    "confused_with": {
      "cpplus_how_asking": 4,
      "dont_want_to_give_flowchart_quest_num": 2
    }
  },
  "want_to_ask": {
    "precision": 0.9251700680272109,
    "recall": 0.9645390070921985,
    "f1-score": 0.9444444444444444,
    "support": 141,
    "confused_with": {
      "continue_asking": 4,
      "cpp_practice": 1
    }
  },
  "stop_asking": {
    "precision": 0.9056603773584906,
    "recall": 0.8834355828220859,
    "f1-score": 0.8944099378881988,
    "support": 163,
    "confused_with": {
      "greet": 4,
      "deny": 3
    }
  },
  "feeling_good": {
    "precision": 0.926605504587156,
    "recall": 0.9528301886792453,
    "f1-score": 0.9395348837209303,
    "support": 106,
    "confused_with": {
      "compliment": 2,
      "health_inquire": 1
    }
  },
  "accuracy": 0.9374185136897001,
  "macro avg": {
    "precision": 0.8910465259463699,
    "recall": 0.8670137456462393,
    "f1-score": 0.8750678278592408,
    "support": 6136
  },
  "weighted avg": {
    "precision": 0.9350872370119763,