{
  "cpplus_content": {
    "precision": 0.9360529217199559,
    "recall": 0.9089935760171306,
    "f1-score": 0.9223248234655078,
    "support": 934,
    "confused_with": {}
  },
  "CPPLUS_CONTENT": {
    "precision": 0.0,
    "recall": 0.0,
    "f1-score": 0.0,
    "support": 1,
    "confused_with": {
      "cpplus_content": 1
    }
  },
  "flowchart_quest_num": {
    "precision": 1.0,
    "recall": 0.9574468085106383,
    "f1-score": 0.9782608695652174,
    "support": 47,
    "confused_with": {}
  },
  "micro avg": {
    "precision": 0.9390756302521008,
    "recall": 0.9103869653767821,
    "f1-score": 0.9245087900723887,
    "support": 982
  },
  "macro avg": {
    "precision": 0.645350973906652,
    "recall": 0.6221467948425897,
    "f1-score": 0.6335285643435751,
    "support": 982
  },
  "weighted avg": {
    "precision": 0.9381603145483084,
    "recall": 0.9103869653767821,
    "f1-score": 0.9240627759535128,
    "support": 982
  }
}