{
  "config_backup_1": [
    [
      0.9309074784763249,
      0.9099005521971346,
      0.8937080905888674,
      0.8221088677693146
    ],
    [
      0.9334593690791433,
      0.9296330111007148,
      0.8944685718377485,
      0.8117031278927318
    ],
    [
      0.9220766207479179,
      0.909180897434127,
      0.8807684118080724,
      0.8268409928593986
    ]
  ],
  "config_backup_3": [
    [
      0.8495803923558873,
      0.8132559471061594,
      0.7872209201494375,
      0.699413287549109
    ],
    [
      0.8381457760498844,
      0.8251749196420264,
      0.7777772943148517,
      0.6670366774697318
    ],
    [
      0.851985609779869,
      0.815120154316384,
      0.7831487513561206,
      0.6712018801456392
    ]
  ],
  "config_backup_5": [
    [
      0.8595525523259672,
      0.8344254516566222,
      0.7777406091205133,
      0.6965674206123418
    ],
    [
      0.8528383755812522,
      0.8372394891784646,
      0.7965495970275482,
      0.6723945301683002
    ],
    [
      0.8550356837990831,
      0.8273867019492274,
      0.8005868128520143,
      0.698288318338783
    ]
  ]
}