{
  "CPPLUS_CONTENT": {
    "precision": 1.0,
    "recall": 0.5714285714285714,
    "f1-score": 0.7272727272727273,
    "support": 7,
    "confused_with": {
      "cpplus_content": 3
    }
  },
  "flowchart_quest_num": {
    "precision": 0.970873786407767,
    "recall": 0.9478672985781991,
    "f1-score": 0.9592326139088729,
    "support": 211,
    "confused_with": {
      "cpplus_content": 4
    }
  },
  "cpplus_content": {
    "precision": 0.9320652173913043,
    "recall": 0.8918743228602384,
    "f1-score": 0.9115269626840881,
    "support": 4615,
    "confused_with": {
      "flowchart_quest_num": 1
    }
  },
  "micro avg": {
    "precision": 0.933852140077821,
    "recall": 0.8938547486033519,
    "f1-score": 0.9134157944814462,
    "support": 4833
  },
  "macro avg": {
    "precision": 0.9676463345996904,
    "recall": 0.8037233976223362,
    "f1-score": 0.8660107679552294,
    "support": 4833
  },
  "weighted avg": {
    "precision": 0.9338579241036432,
    "recall": 0.8938547486033519,
    "f1-score": 0.9133428353843881,
    "support": 4833
  }
}