{
  "cpplus_content": {
    "precision": 0.9222614840989399,
    "recall": 0.8604395604395605,
    "f1-score": 0.8902785673678227,
    "support": 910,
    "confused_with": {}
  },
  "CPPLUS_CONTENT": {
    "precision": 1.0,
    "recall": 1.0,
    "f1-score": 1.0,
    "support": 1,
    "confused_with": {}
  },
  "flowchart_quest_num": {
    "precision": 0.9761904761904762,
    "recall": 1.0,
    "f1-score": 0.9879518072289156,
    "support": 41,
    "confused_with": {}
  },
  "micro avg": {
    "precision": 0.9248878923766816,
    "recall": 0.8665966386554622,
    "f1-score": 0.8947939262472886,
    "support": 952
  },
  "macro avg": {
    "precision": 0.9661506534298053,
    "recall": 0.9534798534798535,
    "f1-score": 0.9594101248655794,
    "support": 952
  },
  "weighted avg": {
    "precision": 0.9246657143422741,
    "recall": 0.8665966386554622,
    "f1-score": 0.8946003365557817,
    "support": 952
  }
}