{
  "deny": {
    "precision": 0.8717948717948718,
    "recall": 0.85,
    "f1-score": 0.8607594936708861,
    "support": 40,
    "confused_with": {
      "cpplus_how_asking": 1,
      "cpplus_why_asking": 1
    }
  },
  "dont_want_to_give_cpp_content": {
    "precision": 0.0,
    "recall": 0.0,
    "f1-score": 0.0,
    "support": 2,
    "confused_with": {
      "dont_want_to_give_flowchart_quest_num": 2
    }
  },
  "flowchart_asking": {
    "precision": 0.9696969696969697,
    "recall": 0.9696969696969697,
    "f1-score": 0.9696969696969697,
    "support": 33,
    "confused_with": {
      "dont_want_to_give_flowchart_quest_num": 1
    }
  },
  "cpplus_how_asking": {
    "precision": 0.9567567567567568,
    "recall": 0.9567567567567568,
    "f1-score": 0.9567567567567568,
    "support": 185,
    "confused_with": {
      "cpplus_why_asking": 4,
      "who_are_you": 1
    }
  },
  "want_to_watch_cpp_tutorial": {
    "precision": 0.8478260869565217,
    "recall": 0.9512195121951219,
    "f1-score": 0.8965517241379309,
    "support": 41,
    "confused_with": {
      "cpplus_specific_video_tutorial_asking": 2
    }
  },
  "time": {
    "precision": 1.0,
    "recall": 0.5,
    "f1-score": 0.6666666666666666,
    "support": 4,
    "confused_with": {
      "out_of_scope": 1,
      "want_to_watch_cpp_tutorial": 1
    }
  },
  "attention": {
    "precision": 0.8,
    "recall": 0.6153846153846154,
    "f1-score": 0.6956521739130435,
    "support": 13,
    "confused_with": {
      "greet": 5
    }
  },
  "stop_asking": {
    "precision": 0.8484848484848485,
    "recall": 0.8484848484848485,
    "f1-score": 0.8484848484848486,
    "support": 33,
    "confused_with": {
      "out_of_scope": 1,
      "cpplus_how_asking": 1
    }
  },
  "goodbye": {
    "precision": 0.6666666666666666,
    "recall": 0.2857142857142857,
    "f1-score": 0.4,
    "support": 7,
    "confused_with": {
      "greet": 2,
      "out_of_scope": 1
    }
  },
  "health_inquire": {
    "precision": 0.9423076923076923,
    "recall": 0.9423076923076923,
    "f1-score": 0.9423076923076923,
    "support": 52,
    "confused_with": {
      "who_are_you": 1,
      "cpplus_what_asking": 1
    }
  },
  "want_to_practice_flowchart": {
    "precision": 0.9,
    "recall": 0.9642857142857143,
    "f1-score": 0.9310344827586207,
    "support": 28,
    "confused_with": {
      "deny": 1
    }
  },
  "corona": {
    "precision": 0.7857142857142857,
    "recall": 0.7333333333333333,
    "f1-score": 0.7586206896551724,
    "support": 15,
    "confused_with": {
      "cpplus_what_asking": 1,
      "deny": 1
    }
  },
  "compliment": {
    "precision": 0.5,
    "recall": 0.23809523809523808,
    "f1-score": 0.3225806451612903,
    "support": 21,
    "confused_with": {
      "out_of_scope": 4,
      "insult": 2
    }
  },
  "feeling_bad": {
    "precision": 0.6666666666666666,
    "recall": 0.5,
    "f1-score": 0.5714285714285715,
    "support": 12,
    "confused_with": {
      "out_of_scope": 3,
      "cpplus_why_asking": 1
    }
  },
  "cpplus_specific_video_tutorial_asking": {
    "precision": 0.8571428571428571,
    "recall": 0.9090909090909091,
    "f1-score": 0.8823529411764706,
    "support": 33,
    "confused_with": {
      "want_to_watch_cpp_tutorial": 2,
      "out_of_scope": 1
    }
  },
  "cpplus_example_asking": {
    "precision": 0.9433962264150944,
    "recall": 0.8928571428571429,
    "f1-score": 0.9174311926605505,
    "support": 56,
    "confused_with": {
      "cpplus_what_asking": 2,
      "out_of_scope": 1
    }
  },
  "thanks": {
    "precision": 0.8888888888888888,
    "recall": 0.5714285714285714,
    "f1-score": 0.6956521739130435,
    "support": 14,
    "confused_with": {
      "greet": 2,
      "who_create_you": 1
    }
  },
  "cpplus_when_asking": {
    "precision": 1.0,
    "recall": 0.75,
    "f1-score": 0.8571428571428571,
    "support": 4,
    "confused_with": {
      "cpplus_why_asking": 1
    }
  },
  "insult": {
    "precision": 0.7708333333333334,
    "recall": 0.8043478260869565,
    "f1-score": 0.7872340425531915,
    "support": 46,
    "confused_with": {
      "out_of_scope": 4,
      "cpplus_what_asking": 2
    }
  },
  "cpplus_why_asking": {
    "precision": 0.8839285714285714,
    "recall": 0.9705882352941176,
    "f1-score": 0.9252336448598131,
    "support": 102,
    "confused_with": {
      "out_of_scope": 2,
      "cpplus_what_asking": 1
    }
  },
  "who_are_you": {
    "precision": 0.6935483870967742,
    "recall": 0.9148936170212766,
    "f1-score": 0.7889908256880733,
    "support": 47,
    "confused_with": {
      "cpplus_what_asking": 3,
      "out_of_scope": 1
    }
  },
  "who_create_you": {
    "precision": 0.9333333333333333,
    "recall": 0.6666666666666666,
    "f1-score": 0.7777777777777778,
    "support": 21,
    "confused_with": {
      "who_are_you": 4,
      "want_to_watch_cpp_tutorial": 2
    }
  },
  "dont_want_to_ask": {
    "precision": 0.8,
    "recall": 0.5714285714285714,
    "f1-score": 0.6666666666666666,
    "support": 7,
    "confused_with": {
      "want_to_ask": 1,
      "cpplus_what_asking": 1
    }
  },
  "cpp_practice": {
    "precision": 1.0,
    "recall": 0.8181818181818182,
    "f1-score": 0.9,
    "support": 11,
    "confused_with": {
      "want_to_practice_cpp": 2
    }
  },
  "dont_want_to_give_flowchart_quest_num": {
    "precision": 0.8846153846153846,
    "recall": 0.7931034482758621,
    "f1-score": 0.8363636363636363,
    "support": 29,
    "confused_with": {
      "cpplus_why_asking": 2,
      "stop_asking": 1
    }
  },
  "feeling_good": {
    "precision": 0.6666666666666666,
    "recall": 0.5714285714285714,
    "f1-score": 0.6153846153846153,
    "support": 21,
    "confused_with": {
      "greet": 2,
      "compliment": 2
    }
  },
  "cpplus_where_asking": {
    "precision": 1.0,
    "recall": 0.6666666666666666,
    "f1-score": 0.8,
    "support": 3,
    "confused_with": {
      "cpplus_how_asking": 1
    }
  },
  "continue_asking": {
    "precision": 0.7272727272727273,
    "recall": 0.6153846153846154,
    "f1-score": 0.6666666666666667,
    "support": 13,
    "confused_with": {
      "affirm": 1,
      "attention": 1
    }
  },
  "affirm": {
    "precision": 0.6666666666666666,
    "recall": 0.5454545454545454,
    "f1-score": 0.6,
    "support": 11,
    "confused_with": {
      "insult": 2,
      "feeling_good": 1
    }
  },
  "date": {
    "precision": 1.0,
    "recall": 0.3333333333333333,
    "f1-score": 0.5,
    "support": 3,
    "confused_with": {
      "who_are_you": 1,
      "want_to_ask": 1
    }
  },
  "want_to_practice_cpp": {
    "precision": 0.896551724137931,
    "recall": 0.9285714285714286,
    "f1-score": 0.912280701754386,
    "support": 28,
    "confused_with": {
      "want_to_watch_cpp_tutorial": 1,
      "cpplus_what_asking": 1
    }
  },
  "cpplus_what_asking": {
    "precision": 0.864321608040201,
    "recall": 0.8911917098445595,
    "f1-score": 0.8775510204081632,
    "support": 193,
    "confused_with": {
      "who_are_you": 5,
      "cpplus_why_asking": 3
    }
  },
  "greet": {
    "precision": 0.5897435897435898,
    "recall": 0.7666666666666667,
    "f1-score": 0.6666666666666667,
    "support": 30,
    "confused_with": {
      "compliment": 2,
      "attention": 1
    }
  },
  "out_of_scope": {
    "precision": 0.41304347826086957,
    "recall": 0.4523809523809524,
    "f1-score": 0.4318181818181818,
    "support": 42,
    "confused_with": {
      "cpplus_what_asking": 11,
      "who_are_you": 4
    }
  },
  "want_to_ask": {
    "precision": 0.8064516129032258,
    "recall": 0.8928571428571429,
    "f1-score": 0.8474576271186439,
    "support": 28,
    "confused_with": {
      "out_of_scope": 1,
      "continue_asking": 1
    }
  },
  "accuracy": 0.8420195439739414,
  "macro avg": {
    "precision": 0.8012091400283256,
    "recall": 0.7051943258621415,
    "f1-score": 0.7363774843787959,
    "support": 1228
  },
  "weighted avg": {
    "precision": 0.8421345579163629,