{
  "cpplus_content": {
    "precision": 0.9673684210526315,
    "recall": 0.9126117179741807,
    "f1-score": 0.9391926417986715,
    "support": 1007,
    "confused_with": {}
  },
  "CPPLUS_CONTENT": {
    "precision": 1.0,
    "recall": 1.0,
    "f1-score": 1.0,
    "support": 1,
    "confused_with": {}
  },
  "flowchart_quest_num": {
    "precision": 1.0,
    "recall": 1.0,
    "f1-score": 1.0,
    "support": 41,
    "confused_with": {}
  },
  "micro avg": {
    "precision": 0.96875,
    "recall": 0.9161105815061964,
    "f1-score": 0.9416952474277316,
    "support": 1049
  },
  "macro avg": {
    "precision": 0.9891228070175438,
    "recall": 0.9708705726580602,
    "f1-score": 0.9797308805995572,
    "support": 1049
  },
  "weighted avg": {
    "precision": 0.9686749285033365,
    "recall": 0.9161105815061964,
    "f1-score": 0.9416272548057789,
    "support": 1049
  }
}