{
  "deny": {
    "precision": 1.0,
    "recall": 0.95,
    "f1-score": 0.9743589743589743,
    "support": 40,
    "confused_with": {
      "continue_asking": 1,
      "stop_asking": 1
    }
  },
  "dont_want_to_give_cpp_content": {
    "precision": 0.0,
    "recall": 0.0,
    "f1-score": 0.0,
    "support": 2,
    "confused_with": {
      "dont_want_to_give_flowchart_quest_num": 2
    }
  },
  "flowchart_asking": {
    "precision": 1.0,
    "recall": 1.0,
    "f1-score": 1.0,
    "support": 33,
    "confused_with": {}
  },
  "cpplus_how_asking": {
    "precision": 0.9838709677419355,
    "recall": 0.9891891891891892,
    "f1-score": 0.9865229110512129,
    "support": 185,
    "confused_with": {
      "want_to_watch_cpp_tutorial": 1,
      "want_to_practice_flowchart": 1
    }
  },
  "want_to_watch_cpp_tutorial": {
    "precision": 0.9534883720930233,
    "recall": 1.0,
    "f1-score": 0.9761904761904763,
    "support": 41,
    "confused_with": {}
  },
  "time": {
    "precision": 1.0,
    "recall": 0.75,
    "f1-score": 0.8571428571428571,
    "support": 4,
    "confused_with": {
      "health_inquire": 1
    }
  },
  "attention": {
    "precision": 0.9166666666666666,
    "recall": 0.8461538461538461,
    "f1-score": 0.8799999999999999,
    "support": 13,
    "confused_with": {
      "greet": 2
    }
  },
  "stop_asking": {
    "precision": 0.8857142857142857,
    "recall": 0.9393939393939394,
    "f1-score": 0.9117647058823529,
    "support": 33,
    "confused_with": {
      "out_of_scope": 1,
      "insult": 1
    }
  },
  "goodbye": {
    "precision": 1.0,
    "recall": 0.5714285714285714,
    "f1-score": 0.7272727272727273,
    "support": 7,
    "confused_with": {
      "insult": 2,
      "continue_asking": 1
    }
  },
  "health_inquire": {
    "precision": 0.9811320754716981,
    "recall": 1.0,
    "f1-score": 0.9904761904761905,
    "support": 52,
    "confused_with": {}
  },
  "want_to_practice_flowchart": {
    "precision": 0.875,
    "recall": 1.0,
    "f1-score": 0.9333333333333333,
    "support": 28,
    "confused_with": {}
  },
  "corona": {
    "precision": 1.0,
    "recall": 1.0,
    "f1-score": 1.0,
    "support": 15,
    "confused_with": {}
  },
  "compliment": {
    "precision": 0.7916666666666666,
    "recall": 0.9047619047619048,
    "f1-score": 0.8444444444444444,
    "support": 21,
    "confused_with": {
      "insult": 2
    }
  },
  "feeling_bad": {
    "precision": 0.875,
    "recall": 0.5833333333333334,
    "f1-score": 0.7000000000000001,
    "support": 12,
    "confused_with": {
      "out_of_scope": 2,
      "insult": 1
    }
  },
  "cpplus_specific_video_tutorial_asking": {
    "precision": 0.9705882352941176,
    "recall": 1.0,
    "f1-score": 0.9850746268656716,
    "support": 33,
    "confused_with": {}
  },
  "cpplus_example_asking": {
    "precision": 0.9824561403508771,
    "recall": 1.0,
    "f1-score": 0.9911504424778761,
    "support": 56,
    "confused_with": {}
  },
  "thanks": {
    "precision": 0.8461538461538461,
    "recall": 0.7857142857142857,
    "f1-score": 0.8148148148148148,
    "support": 14,
    "confused_with": {
      "compliment": 2,
      "who_create_you": 1
    }
  },
  "cpplus_when_asking": {
    "precision": 1.0,
    "recall": 1.0,
    "f1-score": 1.0,
    "support": 4,
    "confused_with": {}
  },
  "insult": {
    "precision": 0.7413793103448276,
    "recall": 0.9347826086956522,
    "f1-score": 0.826923076923077,
    "support": 46,
    "confused_with": {
      "out_of_scope": 1,
      "feeling_good": 1
    }
  },
  "cpplus_why_asking": {
    "precision": 0.9901960784313726,
    "recall": 0.9901960784313726,
    "f1-score": 0.9901960784313726,
    "support": 102,
    "confused_with": {
      "dont_want_to_give_flowchart_quest_num": 1
    }
  },
  "who_are_you": {
    "precision": 0.9777777777777777,
    "recall": 0.9361702127659575,
    "f1-score": 0.9565217391304347,
    "support": 47,
    "confused_with": {
      "who_create_you": 1,
      "greet": 1
    }
  },
  "who_create_you": {
    "precision": 0.8076923076923077,
    "recall": 1.0,
    "f1-score": 0.8936170212765957,
    "support": 21,
    "confused_with": {}
  },
  "dont_want_to_ask": {
    "precision": 1.0,
    "recall": 0.8571428571428571,
    "f1-score": 0.923076923076923,
    "support": 7,
    "confused_with": {
      "stop_asking": 1
    }
  },
  "cpp_practice": {
    "precision": 1.0,
    "recall": 0.9090909090909091,
    "f1-score": 0.9523809523809523,
    "support": 11,
    "confused_with": {
      "want_to_practice_cpp": 1
    }
  },
  "dont_want_to_give_flowchart_quest_num": {
    "precision": 0.9032258064516129,
    "recall": 0.9655172413793104,
    "f1-score": 0.9333333333333333,
    "support": 29,
    "confused_with": {
      "cpplus_what_asking": 1
    }
  },
  "feeling_good": {
    "precision": 0.8571428571428571,
    "recall": 0.8571428571428571,
    "f1-score": 0.8571428571428571,
    "support": 21,
    "confused_with": {
      "compliment": 2,
      "affirm": 1
    }
  },
  "cpplus_where_asking": {
    "precision": 1.0,
    "recall": 1.0,
    "f1-score": 1.0,
    "support": 3,
    "confused_with": {}
  },
  "continue_asking": {
    "precision": 0.7142857142857143,
    "recall": 0.7692307692307693,
    "f1-score": 0.7407407407407408,
    "support": 13,
    "confused_with": {
      "affirm": 2,
      "want_to_ask": 1
    }
  },
  "affirm": {
    "precision": 0.625,
    "recall": 0.45454545454545453,
    "f1-score": 0.5263157894736842,
    "support": 11,
    "confused_with": {
      "feeling_good": 2,
      "insult": 2
    }
  },
  "date": {
    "precision": 0.75,
    "recall": 1.0,
    "f1-score": 0.8571428571428571,
    "support": 3,
    "confused_with": {}
  },
  "want_to_practice_cpp": {
    "precision": 0.9333333333333333,
    "recall": 1.0,
    "f1-score": 0.9655172413793104,
    "support": 28,
    "confused_with": {}
  },
  "cpplus_what_asking": {
    "precision": 0.9528795811518325,
    "recall": 0.9430051813471503,
    "f1-score": 0.9479166666666666,
    "support": 193,
    "confused_with": {
      "want_to_practice_flowchart": 3,
      "who_create_you": 2
    }
  },
  "greet": {
    "precision": 0.8620689655172413,
    "recall": 0.8333333333333334,
    "f1-score": 0.847457627118644,
    "support": 30,
    "confused_with": {
      "insult": 4,
      "out_of_scope": 1
    }
  },
  "out_of_scope": {
    "precision": 0.7931034482758621,
    "recall": 0.5476190476190477,
    "f1-score": 0.647887323943662,
    "support": 42,
    "confused_with": {
      "cpplus_what_asking": 7,
      "insult": 3
    }
  },
  "want_to_ask": {
    "precision": 0.9629629629629629,
    "recall": 0.9285714285714286,
    "f1-score": 0.9454545454545454,
    "support": 28,
    "confused_with": {
      "continue_asking": 1,
      "cpplus_what_asking": 1
    }
  },
  "accuracy": 0.9324104234527687,
  "macro avg": {
    "precision": 0.8837938685577377,
    "recall": 0.8641806585506048,
    "f1-score": 0.8681191793693311,
    "support": 1228
  },
  "weighted avg": {
    "precision": 0.9320770700291677,
    "recall": 0.9324104234527687,
    "f1-score": 0.9296330111007148,
    "support": 1228
  }
}